"url","status"
"https://dsdanceresearchlab.com/wp-content/uploads/2025/08/7.jpg","needs-review"
"https://dsdanceresearchlab.com/wp-content/uploads/2025/08/7-300x251.jpg","needs-review"
"https://dsdanceresearchlab.com/wp-content/uploads/2025/08/7-768x644.jpg","needs-review"
"https://dsdanceresearchlab.com/wp-content/uploads/2025/08/8.jpg","needs-review"
"https://dsdanceresearchlab.com/wp-content/uploads/2025/08/8-300x251.jpg","needs-review"
"https://dsdanceresearchlab.com/wp-content/uploads/2025/08/8-768x644.jpg","needs-review"
"https://dsdanceresearchlab.com/wp-content/uploads/2025/07/DSC2469-scaled.jpg","needs-review"
"https://dsdanceresearchlab.com/wp-content/uploads/2025/07/DSC2469-300x200.jpg","needs-review"
"https://dsdanceresearchlab.com/wp-content/uploads/2025/08/WhatsApp-Image-2025-08-11-at-10.59.46-2-1024x666.jpeg","needs-review"
"https://dsdanceresearchlab.com/wp-content/uploads/2025/08/WhatsApp-Image-2025-08-11-at-10.59.46-2-300x195.jpeg","needs-review"
"https://dsdanceresearchlab.com/wp-content/uploads/2025/08/WhatsApp-Image-2025-08-11-at-10.59.46-2-768x499.jpeg","needs-review"
"https://dsdanceresearchlab.com/wp-content/uploads/2025/08/WhatsApp-Image-2025-08-11-at-10.59.46-2-1536x998.jpeg","needs-review"
"https://dsdanceresearchlab.com/wp-content/uploads/2025/08/WhatsApp-Image-2025-08-11-at-10.59.46-2.jpeg","needs-review"
"https://dsdanceresearchlab.com/wp-content/uploads/2025/08/IMG_2274-1024x592.png","needs-review"
"https://dsdanceresearchlab.com/wp-content/uploads/2025/08/IMG_2274-300x173.png","needs-review"
"https://dsdanceresearchlab.com/wp-content/uploads/2025/08/IMG_2274-768x444.png","needs-review"
"https://dsdanceresearchlab.com/wp-content/uploads/2025/08/WhatsApp-Image-2025-08-10-at-15.24.10-2-1024x577.jpeg","needs-review"
"https://dsdanceresearchlab.com/wp-content/uploads/2025/08/WhatsApp-Image-2025-08-10-at-15.24.10-2-300x169.jpeg","needs-review"
"https://dsdanceresearchlab.com/wp-content/uploads/2025/08/WhatsApp-Image-2025-08-10-at-15.24.10-2-768x433.jpeg","needs-review"
"https://dsdanceresearchlab.com/wp-content/uploads/2025/08/WhatsApp-Image-2025-08-10-at-15.24.10-2-1536x866.jpeg","needs-review"
"https://dsdanceresearchlab.com/wp-content/uploads/2025/08/WhatsApp-Image-2025-08-10-at-15.24.10-2.jpeg","needs-review"
"https://dsdanceresearchlab.com/wp-content/uploads/2025/08/w1-1024x576.png","needs-review"
"https://dsdanceresearchlab.com/wp-content/uploads/2025/08/w1-300x169.png","needs-review"
"https://dsdanceresearchlab.com/wp-content/uploads/2025/08/w1-768x432.png","needs-review"
"https://dsdanceresearchlab.com/wp-content/uploads/2025/08/w1-1536x864.png","needs-review"
"https://dsdanceresearchlab.com/wp-content/uploads/2025/08/w1.png","needs-review"
"https://dsdanceresearchlab.com/wp-content/uploads/2025/08/f21d256dff98088c5477280bc10b9bf1.jpg","needs-review"
"https://dsdanceresearchlab.com/wp-content/uploads/2025/08/f21d256dff98088c5477280bc10b9bf1-298x300.jpg","needs-review"
"https://dsdanceresearchlab.com/wp-content/uploads/2025/08/f21d256dff98088c5477280bc10b9bf1-150x150.jpg","needs-review"
"https://dsdanceresearchlab.com/wp-content/uploads/2025/08/f21d256dff98088c5477280bc10b9bf1-768x772.jpg","needs-review"
"https://dsdanceresearchlab.com/wp-content/uploads/2026/01/Thumbnail-ep-1-1024x576.png","needs-review"
"https://dsdanceresearchlab.com/wp-content/uploads/2026/01/Thumbnail-ep-1-300x169.png","needs-review"
"https://dsdanceresearchlab.com/wp-content/uploads/2026/01/Thumbnail-ep-1-768x432.png","needs-review"
"https://dsdanceresearchlab.com/wp-content/uploads/2026/01/Thumbnail-ep-1.png","needs-review"
"https://dsdanceresearchlab.com/wp-content/uploads/2025/09/Thumbnail-ep-2-2-1024x576.png","needs-review"
"https://dsdanceresearchlab.com/wp-content/uploads/2025/09/Thumbnail-ep-2-2-300x169.png","needs-review"
"https://dsdanceresearchlab.com/wp-content/uploads/2025/09/Thumbnail-ep-2-2-768x432.png","needs-review"
"https://dsdanceresearchlab.com/wp-content/uploads/2025/09/Thumbnail-ep-2-2.png","needs-review"
"https://dsdanceresearchlab.com/wp-content/uploads/2025/09/Thumbnail-ep-3-1-1024x576.png","needs-review"
"https://dsdanceresearchlab.com/wp-content/uploads/2025/09/Thumbnail-ep-3-1-300x169.png","needs-review"
"https://dsdanceresearchlab.com/wp-content/uploads/2025/09/Thumbnail-ep-3-1-768x432.png","needs-review"
"https://dsdanceresearchlab.com/wp-content/uploads/2025/09/Thumbnail-ep-3-1.png","needs-review"
"https://dsdanceresearchlab.com/wp-content/uploads/elementor/thumbs/8-raliowac6gmaokx6q97sr0hnqyq2geknldsmdp9wk8.png","needs-review"
"https://dsdanceresearchlab.com/wp-content/uploads/elementor/thumbs/4-1-raliek2902gqyzxv3sbjbmf4idops9iy67gcc4lt08.png","needs-review"
"https://dsdanceresearchlab.com/wp-content/uploads/elementor/thumbs/9-ralipzrk5i4c87bubqa4nqj0p5bhfoxdqt70jbndaw.png","needs-review"
"https://dsdanceresearchlab.com/wp-content/uploads/elementor/thumbs/2-2-ralfsz8olud34jv9jc4n38j3hex7h20yn1c4cfcsgo.png","needs-review"
"https://dsdanceresearchlab.com/wp-content/uploads/elementor/thumbs/7-ralinp1rg2z3uinzqqiykbegf8n6mbt03fsaaz20ig.png","needs-review"
"https://dsdanceresearchlab.com/wp-content/uploads/elementor/thumbs/1-1-ralfl0jwpdgmrhfp1e7fgqviaw699detvmd0z15v6g.png","needs-review"
"https://dsdanceresearchlab.com/wp-content/uploads/elementor/thumbs/DSC2558-scaled-rb4qfe96qq9h88nhmhxqyydb91h4ibropb5rz63ajc.jpg","needs-review"
"https://dsdanceresearchlab.com/wp-content/uploads/elementor/thumbs/DSC2550-scaled-rb4qcjss1sd82qsb8rnex682i1i47bgxz81uo0b7dk.jpg","needs-review"
"https://dsdanceresearchlab.com/wp-content/uploads/elementor/thumbs/DSC2547-scaled-rb4q9t3q46m47oro92zl5d4o4l0kr3l4lnjv9ydjiw.jpg","needs-review"
"https://dsdanceresearchlab.com/wp-content/uploads/elementor/thumbs/DSC2475-scaled-rb4plah9ur1vdudqezgwm1uubruwzb968ayxn4q7tk.jpg","needs-review"
"https://dsdanceresearchlab.com/wp-content/uploads/elementor/thumbs/DSC2469-scaled-rb4ph9q4m9jppw7zw8wcy2duufoe1xaicei5qioufs.jpg","needs-review"
"https://dsdanceresearchlab.com/wp-content/uploads/elementor/thumbs/DSC2470-scaled-rb4piu4g0box2hy2qx9z3o5ihjyevriek5naj4d82g.jpg","needs-review"
"https://dsdanceresearchlab.com/wp-content/uploads/elementor/thumbs/DSC2487-scaled-rb4pp5ldy8cb44rnunlov2r28st8milg3fiso2zy8o.jpg","needs-review"
"https://dsdanceresearchlab.com/wp-content/uploads/elementor/thumbs/DSC2495-scaled-rb4prmw1zhqjr35yd878xy7uoel3xrfy3phx9dbjtk.jpg","needs-review"
"https://dsdanceresearchlab.com/wp-content/uploads/elementor/thumbs/DSC2503-scaled-rb4pu0fd9ezn3lpphr6aqumsqgvie7virgv3xjsq3c.jpg","needs-review"
"https://dsdanceresearchlab.com/wp-content/uploads/elementor/thumbs/DSC2511-scaled-rb4pw7dt7hzq6uj0opaykapimu2ccskz2bnw8sjnko.jpg","needs-review"
"https://dsdanceresearchlab.com/wp-content/uploads/elementor/thumbs/DSC2520-scaled-rb4pyj1g3r68w55i47gr87lji4m0dut31tq3yf3m6w.jpg","needs-review"
"https://dsdanceresearchlab.com/wp-content/uploads/elementor/thumbs/DSC2531-scaled-rb4q1ck0lv17q121nfcgphzbnqpnh603fs6jsax3iw.jpg","needs-review"
"https://dsdanceresearchlab.com/wp-content/uploads/elementor/thumbs/DSC2533-scaled-rb4q4bpm8z3whkqe9pnxlqxvdo1hunthuijwhui7tk.jpg","needs-review"
"https://dsdanceresearchlab.com/wp-content/uploads/elementor/thumbs/DSC2537-scaled-rb4q73cidewao8po3wqdy1sqcieeikt1k7pdd6ehi0.jpg","needs-review"
"https://dsdanceresearchlab.com/wp-content/uploads/elementor/thumbs/DSC2571-scaled-rb4qnwokmpwyd4adx6e4jt1kwnis7nk6jfu2fdgy6w.jpg","needs-review"
"https://dsdanceresearchlab.com/wp-content/uploads/elementor/thumbs/DSC2576-scaled-rb4qqp9axzqmve8alvv7glnwgvr239ngl9n0rzbtp4.jpg","needs-review"
"https://dsdanceresearchlab.com/wp-content/uploads/elementor/thumbs/DSC2595-scaled-rb4qvvdcj6teq6pyf4bc6ap6369qfc6baut5srnvh4.jpg","needs-review"
"https://dsdanceresearchlab.com/wp-content/uploads/elementor/thumbs/DSC2565-scaled-rb4qktrm89p4b4rhwug5dl16t6pgzdbus6ursq1el4.jpg","needs-review"
"https://dsdanceresearchlab.com/wp-content/uploads/elementor/thumbs/DSC2561-scaled-rb4qhzb7jbsv5mwbj45tbsvy26qgod1423quhk9bfc.jpg","needs-review"
"https://dsdanceresearchlab.com/wp-content/uploads/elementor/thumbs/DSC_5073-rb4nt26aub4i13ohh7yo89cwzwfyzw9hee4h2fyp08.jpg","needs-review"
"https://dsdanceresearchlab.com/wp-content/uploads/elementor/thumbs/DSC_5080-rb4ntk18g5sy5oyjkxol1muoa7zy258dsuip6p87q0.jpg","needs-review"
"https://dsdanceresearchlab.com/wp-content/uploads/elementor/thumbs/DSC_5094-rb4nu2u08uiolw78j5t4fi3w5xfac3b0jfkes8gc9k.jpg","needs-review"
"https://dsdanceresearchlab.com/wp-content/uploads/elementor/thumbs/DSC_5103-rb4nukoxup74qhhamvj18vlng8z9ec9wxvymwhpuzc.jpg","needs-review"
"https://dsdanceresearchlab.com/wp-content/uploads/elementor/thumbs/DSC_5109-rb4nv1m19puajgspw2ubhrby56nv8w5307pdjh0rvc.jpg","needs-review"
"https://dsdanceresearchlab.com/wp-content/uploads/elementor/thumbs/DSC_5111-rb4nvlcn98lbba01otdhg4cmm9ykqjbg2xekma7i8o.jpg","needs-review"
"https://dsdanceresearchlab.com/wp-content/uploads/elementor/thumbs/DSC_5113-rb4nw37kv39rfva3sj3e9hudwlijssachdssqjh0yg.jpg","needs-review"
"https://dsdanceresearchlab.com/wp-content/uploads/elementor/thumbs/DSC_5115-rb4nwi8zwfuclmo9cplfde1rergf7xy1vg8keyuq6w.jpg","needs-review"
"https://dsdanceresearchlab.com/wp-content/uploads/elementor/thumbs/DSC_5119-rb4nxg36qh4o7lb3v47zv5icsmtmx1oe03q1oxgjyw.jpg","needs-review"
"https://dsdanceresearchlab.com/wp-content/uploads/elementor/thumbs/DSC_5121-rb4nxv4lrtp9dcp9faq0z1pqasric7c3e65tdcu97c.jpg","needs-review"
"https://dsdanceresearchlab.com/wp-content/uploads/elementor/thumbs/DSC_5136-rb4nyq5a1cvq0hg7e64prbvxwiime7r8ifou7hk9i0.jpg","needs-review"
"https://dsdanceresearchlab.com/wp-content/uploads/elementor/thumbs/DSC_5141-rb4nz8y1u1lggoowce995755s7xyo5tv90qjt0se1k.jpg","needs-review"
"https://dsdanceresearchlab.com/wp-content/uploads/elementor/thumbs/DSC_5145-rb4nzoxb287by21or35wtl3zvrr7b0laz7tsyq4p3s.jpg","needs-review"
"https://dsdanceresearchlab.com/wp-content/uploads/elementor/thumbs/DSC_5148-rb4o030vwqqms7h7gr9bczjwsjtpih5a15m35vjsig.jpg","needs-review"
"https://dsdanceresearchlab.com/wp-content/uploads/elementor/thumbs/DSC_5156-rb4o0kvtilf2wsr9kgz86d1o2vdokq46fm0ba4tb88.jpg","needs-review"
"https://dsdanceresearchlab.com/wp-content/uploads/elementor/thumbs/DSC_5159-rb4o18ds9gb8z1t4r94wep46xi5ux5pguubga1ugwo.jpg","needs-review"
"https://dsdanceresearchlab.com/wp-content/uploads/elementor/thumbs/DSC_5161-rb4o1q8pvazp3n36uyut82ly7tptzeod9apoeb3zmg.jpg","needs-review"
"https://dsdanceresearchlab.com/wp-content/uploads/elementor/thumbs/DSC_5171-rb4o3ga2edcmdwl2spo6smydf9823finhtrq2kk07s.jpg","needs-review"
"https://dsdanceresearchlab.com/wp-content/uploads/elementor/thumbs/DSC_5181-rb4o4jradeunxizqe6qipczqdfth2pvdn96486xgyg.jpg","needs-review"
"https://dsdanceresearchlab.com/wp-content/uploads/elementor/thumbs/DSC_5192-rb4o50odsfhtqib5ne1sy8q12di2x9qjpkwuv68dug.jpg","needs-review"
"https://dsdanceresearchlab.com/wp-content/uploads/elementor/thumbs/DSC_5195-rb4o5hlh7g4zjhmkwld374gbrb6ortlprwnli5jaqg.jpg","needs-review"
"https://dsdanceresearchlab.com/wp-content/uploads/elementor/thumbs/DSC_5199-rb4o5xkqfmqv0uzdba9qvif5uuzxeod5i3qunuvlso.jpg","needs-review"
"https://dsdanceresearchlab.com/wp-content/uploads/elementor/thumbs/DSC_5203-rb4o6ffo1hfb5g9fezznovwx56jwgxc1wk52s454ig.jpg","needs-review"
"https://dsdanceresearchlab.com/wp-content/uploads/elementor/thumbs/DSC_5205-rb4o6uh32tzwb7nkz6hoss4anchrw2zramkugjitqw.jpg","needs-review"
"https://dsdanceresearchlab.com/wp-content/uploads/elementor/thumbs/DSC_5214-rb4o7rdfq18xlkbsn2pmq1tfftzmdhmd35eu9861p4.jpg","needs-review"
"https://dsdanceresearchlab.com/wp-content/uploads/elementor/thumbs/DSC_5224-rb4o8imr88a8y9877wht8cxso099kpmkuwbx691moo.jpg","needs-review"
"https://dsdanceresearchlab.com/wp-content/uploads/elementor/thumbs/DSC_5225-rb4o90hou2yp2ui9bm7q1qfjybt8mylh9cq5aib5eg.jpg","needs-review"
"https://dsdanceresearchlab.com/wp-content/uploads/elementor/thumbs/DSC_5228-rb4o9icmfxn57fsbfbxmv3xb8nd7p7kdnt4derko48.jpg","needs-review"
"https://dsdanceresearchlab.com/wp-content/uploads/elementor/thumbs/DSC_5235-rb4oa07k1sblc12dj1njohf2iyx6rgja29ilj0u6u0.jpg","needs-review"
"https://dsdanceresearchlab.com/wp-content/uploads/elementor/thumbs/DSC_5240-rb4oah4ngsyr50dss8ytxd5d7wlsm0eg4l9c6053q0.jpg","needs-review"
"https://dsdanceresearchlab.com/wp-content/uploads/elementor/thumbs/DSC_5243-rb4oay1qvtlwxzp81ga468vnwuaegk9m6x02szg0m0.jpg","needs-review"
"https://dsdanceresearchlab.com/wp-content/uploads/elementor/thumbs/DSC_5245-rb4obd35x66i3r3dlms5a531f089vpxbkzfuhetpug.jpg","needs-review"
"https://dsdanceresearchlab.com/wp-content/uploads/elementor/thumbs/DSC_5259-rb4ocssad259ub0a7r4mla1e375gn2mk43bjvmp2c8.jpg","needs-review"
"https://dsdanceresearchlab.com/wp-content/uploads/elementor/thumbs/DSC_5266-rb4odpon09eb4nohvnckijqivonb4h95wm5jobcaag.jpg","needs-review"
"https://dsdanceresearchlab.com/wp-content/uploads/elementor/thumbs/DSC_5272-rb4oe6lqfa1gxmzx4unurfgtkmbwz14byxwaban76g.jpg","needs-review"
"https://dsdanceresearchlab.com/wp-content/uploads/elementor/thumbs/DSC_5274-rb4oemkzngncf0cpjjkiftfno655lvvrp4zjgzzi8o.jpg","needs-review"
"https://dsdanceresearchlab.com/wp-content/uploads/elementor/thumbs/DSC_5280-rb4of2k8vn97wdphy8h647ehrpye8qn7fc2smpbtaw.jpg","needs-review"
"https://dsdanceresearchlab.com/wp-content/uploads/elementor/thumbs/DSC_5285-rb4ofmauv608o6wtqz0c2kf68t93qdtki1rzpiijo8.jpg","needs-review"
"https://dsdanceresearchlab.com/wp-content/uploads/elementor/thumbs/DSC_5287-rb4ofyirc0gyv4f2rmahgzc5ytkvig62vq9ay40ffc.jpg","needs-review"
"https://dsdanceresearchlab.com/wp-content/uploads/elementor/thumbs/DSC_5311-rb4oib48f3orw1071muwpdznfhzwr7hx7cz050izvc.jpg","needs-review"
"https://dsdanceresearchlab.com/wp-content/uploads/elementor/thumbs/DSC_5323-rb4ojm45wth40j3xf769624p4rk9g2oi1tla4ulb88.jpg","needs-review"
"https://dsdanceresearchlab.com/wp-content/uploads/elementor/thumbs/DSC_5341-rb4okuaku15l67br989px8zd1viihujvvw93ourt3s.jpg","needs-review"
"https://dsdanceresearchlab.com/wp-content/uploads/elementor/thumbs/DSC_5374-rb4om68cikz7mbe4hazoyevvciy8eeu72hiv5ysqag.jpg","needs-review"
"https://dsdanceresearchlab.com/wp-content/uploads/elementor/thumbs/DSC_5384-rb4omvlzn3xybsd9d3ymbqhbdxh568my5z4z4fr3mg.jpg","needs-review"
"https://dsdanceresearchlab.com/wp-content/uploads/elementor/thumbs/DSC_5409-rb4oncj324l44roomb9wkm7m2v5r0si48avprf20ig.jpg","needs-review"
"https://dsdanceresearchlab.com/wp-content/uploads/elementor/thumbs/DSC_5446-rb4oo011szha70qjt3fksya4xhxxd83enj6urc366w.jpg","needs-review"
"https://dsdanceresearchlab.com/wp-content/uploads/elementor/thumbs/DSC_5448-rb4oogy5804g001z2aqv1u0fmfmj7rykpuxlebe32w.jpg","needs-review"
"https://dsdanceresearchlab.com/wp-content/uploads/elementor/thumbs/DSC_5453-rb4oozqx0ou6g7ao0ivefp9ni51vhq17gfzazum7mg.jpg","needs-review"
"https://dsdanceresearchlab.com/wp-content/uploads/elementor/thumbs/DSC_5458-rb4opgo0fphc96m39q6ookzy72qhc9wdirq1mtx4ig.jpg","needs-review"
"https://dsdanceresearchlab.com/wp-content/uploads/elementor/thumbs/DSC_5462-rb4opwn9nw37qjyvof3ccyysamjpz4nt8ytasj9fko.jpg","needs-review"
"https://dsdanceresearchlab.com/wp-content/uploads/elementor/thumbs/DSC_5466-rb4oqdkd2wqdjjaaxmemlup2zk8btoizbak1fikcgo.jpg","needs-review"
"https://dsdanceresearchlab.com/wp-content/uploads/elementor/thumbs/DSC_5467-rb4oqvfaoreto4kd1c4jf86u9vsavxhvpqy9jrtv6g.jpg","needs-review"
"https://dsdanceresearchlab.com/wp-content/uploads/elementor/thumbs/DSC_5471-rb4ore82hg4k4bt1zk92t3g25l7n5vkigbzz5b1zq0.jpg","needs-review"
"https://dsdanceresearchlab.com/wp-content/uploads/elementor/thumbs/DSC_5474-rb4oru7bpmqflp5ue95qhhew950vsqby6j38b0eas8.jpg","needs-review"
"https://dsdanceresearchlab.com/wp-content/uploads/elementor/thumbs/DSC_5481-rb4osftm2tk10qafw0i5ktyhx02bprprxi3ecdi8t4.jpg","needs-review"
"https://dsdanceresearchlab.com/wp-content/uploads/elementor/thumbs/DSC_5486-rb4osxojoo8h5bkhzq82e7g97bmas0oobyhmgmrriw.jpg","needs-review"
"https://dsdanceresearchlab.com/wp-content/uploads/elementor/thumbs/DSC_5491-rb4otdnswuucmoxaef4q2lf3avfjevg425kvmc42l4.jpg","needs-review"
"https://dsdanceresearchlab.com/wp-content/uploads/elementor/thumbs/DSC_5493-rb4otviqipisra7ci4umvywul6zih4f0glz3qldlaw.jpg","needs-review"
"https://dsdanceresearchlab.com/wp-content/uploads/elementor/thumbs/DSC_5495-rb4ouf9ci89tj3eoavdsubxj2aa7yrldjboatekbo8.jpg","needs-review"
"https://dsdanceresearchlab.com/wp-content/uploads/elementor/thumbs/DSC_5502-rb4outcxcqt4d8u70jh7dqdfz2cq685cl9gl0jzf2w.jpg","needs-review"
"https://dsdanceresearchlab.com/wp-content/uploads/elementor/thumbs/DSC_5511-rb4ovaa0rrga685m9qshmm3qo01c0s0inl7bnjabyw.jpg","needs-review"
"https://dsdanceresearchlab.com/wp-content/uploads/elementor/thumbs/DSC_5513-rb4ovpbft40vbzjrtxaiqib465z7fxo81nn3byo17c.jpg","needs-review"
"https://dsdanceresearchlab.com/wp-content/uploads/elementor/thumbs/DSC_5521-rb4ow5ap1amqtcwk8m76ew9y9psg2sfnruqcho0c9k.jpg","needs-review"
"https://dsdanceresearchlab.com/wp-content/uploads/elementor/thumbs/DSC_5524-rb4owkc42n7bz4apssp7ishbrvqbhy3d5x6463e1i0.jpg","needs-review"
"https://dsdanceresearchlab.com/wp-content/uploads/elementor/thumbs/DSC_5529-rb4oxntc1opdiqpde9rjfiioq2bqh8g3bckibpri8o.jpg","needs-review"
"https://dsdanceresearchlab.com/wp-content/uploads/elementor/thumbs/DSC_5531-rb4oy6m3udf3yxy2chw2tdrwlrr2r6iq1xm7x8zms8.jpg","needs-review"
"https://dsdanceresearchlab.com/wp-content/uploads/elementor/thumbs/DSC_5548-rb4oypevn24uf56raq0m7914hh6f14lcsinxis7rbs.jpg","needs-review"
"https://dsdanceresearchlab.com/wp-content/uploads/elementor/thumbs/DSC_5554-rb4ozp4qurhqobqvi5gfu00n24ad5mj5lfgdraqsrc.jpg","needs-review"
"https://dsdanceresearchlab.com/wp-content/uploads/elementor/thumbs/DSC_5558-rb4p08vcua8rg4y7avzlsd1bj7l2n9pio55ku3xj4o.jpg","needs-review"
"https://dsdanceresearchlab.com/wp-content/uploads/elementor/thumbs/DSC_5577-rb4p0myxoss2aadq0k30brh8fznkuq9hq2xv19cmjc.jpg","needs-review"
"https://dsdanceresearchlab.com/wp-content/uploads/elementor/thumbs/DSC_5582-rb4p14tvangievns49sx54yzqb7jwz8e4jc35im594.jpg","needs-review"
"https://dsdanceresearchlab.com/wp-content/uploads/elementor/thumbs/DSC_5595-rb4p1okha67j6ov3x0c33hzo7ei9emer791a8bsvmg.jpg","needs-review"
"https://dsdanceresearchlab.com/wp-content/uploads/elementor/thumbs/DSC_5598-rb4p28b39oyjyi2fpqv91v0cohsyw9l49yqhb4zlzs.jpg","needs-review"
"https://dsdanceresearchlab.com/wp-content/uploads/elementor/thumbs/DSC_5601-rb4p2q60vjn033chtgl5v8i3ytcxyik0of4pfe94pk.jpg","needs-review"
"https://dsdanceresearchlab.com/wp-content/uploads/elementor/thumbs/DSC_5603-rb4p3auh1wfb6iiggpiye3a91aj0nuu439hdzhegwo.jpg","needs-review"
"https://dsdanceresearchlab.com/wp-content/uploads/elementor/thumbs/DSC_5613-rb4p40846fe1vzhlcihvrevp2p1xfomv6r3hxycu8o.jpg","needs-review"
"https://dsdanceresearchlab.com/wp-content/uploads/elementor/thumbs/DSC_5629-rb4p4luejm7nb0m6u9uaurfaqk3dcq0oxq3nzbgs9k.jpg","needs-review"
"https://dsdanceresearchlab.com/wp-content/uploads/elementor/thumbs/IMG-20250902-WA0006-rb5pft0905o3cju4ptf8xe7j6b2qz8iazrbvlf9p20.jpg","needs-review"
"https://dsdanceresearchlab.com/wp-content/uploads/elementor/thumbs/IMG-20250902-WA0007-rb5pfxpfybuiylnaydgdrv0u58fl1q0yoelazt2q6w.jpg","needs-review"
"https://dsdanceresearchlab.com/wp-content/uploads/elementor/thumbs/IMG-20250902-WA0008-rb5pg1gspnzo91hucf2w1u2oirx1wifw0x78wwx5i0.jpg","needs-review"
"https://dsdanceresearchlab.com/wp-content/uploads/elementor/thumbs/IMG-20250902-WA0009-rb5pg585h04tjhcdqgpebt4iwbeirautdft6u0rkt4.jpg","needs-review"
"https://dsdanceresearchlab.com/wp-content/uploads/elementor/thumbs/IMG-20250902-WA0010-rb5pg8zi8c9ytx6x4ibwls6d9uvzm39qpyf4r4m048.jpg","needs-review"
"https://dsdanceresearchlab.com/wp-content/uploads/elementor/thumbs/IMG-20250902-WA0011-rb5pgdop6igefz03d2d1g8zo8s8tokseelok5if194.jpg","needs-review"
"https://dsdanceresearchlab.com/wp-content/uploads/elementor/thumbs/IMG-20250902-WA0012-rb5pghg1xuljqeumr3zjq81imbqajd7br4ai2m9gk8.jpg","needs-review"
"https://dsdanceresearchlab.com/wp-content/uploads/elementor/thumbs/IMG-20250902-WA0013-rb5pgn332ut9o2mfu6fb56ma6myhtjtprw7eya13iw.jpg","needs-review"
"https://dsdanceresearchlab.com/wp-content/uploads/elementor/thumbs/IMG-20250902-WA0014-rb5pgqufu6yeyigz881tf5o4k6fyoc8n4etcvdviu0.jpg","needs-review"
"https://dsdanceresearchlab.com/wp-content/uploads/elementor/thumbs/IMG-20250902-WA0015-rb5pgulslj3k8ybim9obp4pyxpxfj4nkgxfashpy54.jpg","needs-review"
"https://dsdanceresearchlab.com/wp-content/uploads/elementor/thumbs/IMG-20250902-WA0016-rb5pgzazjp9zv04outpgjlj9wna9lm685koq6viza0.jpg","needs-review"
"https://dsdanceresearchlab.com/wp-content/uploads/elementor/thumbs/IMG-20250902-WA0017-rb5ph32cb1f55fz88vbytkl4a6rqgel5i3ao3zdel4.jpg","needs-review"
"https://dsdanceresearchlab.com/wp-content/uploads/elementor/thumbs/IMG-20250902-WA0018-rb5ph7rj97lkrhsehfd3o1ef944kiw3t6qk3id6fq0.jpg","needs-review"
"https://dsdanceresearchlab.com/wp-content/uploads/elementor/thumbs/IMG-20250902-WA0019-rb5phbiw0jqq1xmxvgzly0g9mnm1doiqj961fh0v14.jpg","needs-review"
"https://dsdanceresearchlab.com/wp-content/uploads/elementor/thumbs/IMG-20250902-WA0020-rb5phg82ypx5nzg4410qsh9klkyvg61e7wfgtutw60.jpg","needs-review"
"https://dsdanceresearchlab.com/wp-content/uploads/elementor/thumbs/IMG-20250902-WA0021-rb5phkx9ww3la19acl1vmy2vkibpink1wjow88mxaw.jpg","needs-review"
"https://dsdanceresearchlab.com/wp-content/uploads/elementor/thumbs/IMG-20250902-WA0023-rb5phoomo88qkh3tqmodwx4py1t6dfyz92au5chcm0.jpg","needs-review"
"https://dsdanceresearchlab.com/wp-content/uploads/elementor/thumbs/WhatsApp-Image-2025-09-02-at-14.05.21_3d4ee779-rb5phtdtmef66iwzz6pirdy0wz60fxhmxpk9jqadqw.jpg","needs-review"
"https://dsdanceresearchlab.com/wp-content/uploads/elementor/thumbs/WhatsApp-Image-2025-09-02-at-14.05.27_1e2a8778-rb5phx56dqkbgyrjd8c11czvainhapwka867gu4t20.jpg","needs-review"
"https://dsdanceresearchlab.com/wp-content/uploads/elementor/thumbs/WhatsApp-Image-2025-09-02-at-14.05.33_69e1ef3a-rb5pi1udbwqr30kplsd5vtt69g0bd7f7yvfmv7xu6w.jpg","needs-review"
"https://dsdanceresearchlab.com/wp-content/uploads/elementor/thumbs/WhatsApp-Image-2025-09-02-at-14.05.44_3b7cf2c8-rb5pi5lq38vwdgf8ztzo5sv0mzhs7zu5be1ksbs9i0.jpg","needs-review"
"https://dsdanceresearchlab.com/wp-content/uploads/elementor/thumbs/WhatsApp-Image-2025-09-02-at-14.06.00_61e15b2c-rb5piaax1f2bzi8f8e0t09oblwumahct01b06plamw.jpg","needs-review"
"https://dsdanceresearchlab.com/wp-content/uploads/elementor/thumbs/WhatsApp-Image-2025-09-02-at-14.06.06_3da265fb-rb5pif03zl8rlk1lgy1xuqhmku7gcyvgookfl3ebrs.jpg","needs-review"
"https://dsdanceresearchlab.com/wp-content/uploads/elementor/thumbs/WhatsApp-Image-2025-09-02-at-14.06.19_b524dc5d-rb5pijpaxrf77lurpi32p7axjrkafge4dbtuzh7cwo.jpg","needs-review"
"https://dsdanceresearchlab.com/wp-content/uploads/elementor/thumbs/WhatsApp-Image-2025-09-02-at-14.06.28_96b898cb-rb5pioehvxlmtnnxy247jo48iox4hxws1z3adv0e1k.jpg","needs-review"
"https://dsdanceresearchlab.com/wp-content/uploads/elementor/thumbs/IMG_2274-scaled-ractl8vhlikvdxmf90tzqdifdn9554wijw6cvtv314.png","needs-review"
"https://dsdanceresearchlab.com/wp-content/uploads/elementor/thumbs/IMG_2349-scaled-racto9wrmaq4sp81kbyprlzwacbpy0xdmvuojxdezc.jpg","needs-review"
"https://dsdanceresearchlab.com/wp-content/uploads/elementor/thumbs/IMG_2333-scaled-e1755607435805-rahktfmyjevz6dsnq0zbtd3qhir8jtav1sh5245s7s.jpg","needs-review"
"https://dsdanceresearchlab.com/wp-content/uploads/elementor/thumbs/111-ragbbzueybcw4u9m7qh1q2dgobheljs7l7znka09i0.png","needs-review"
"https://dsdanceresearchlab.com/wp-content/uploads/elementor/thumbs/2222-ragbe31i527txn8e0mz79jec756rpc2qjk6hyewro8.png","needs-review"
"https://dsdanceresearchlab.com/wp-content/uploads/elementor/thumbs/WhatsApp-Image-2025-08-10-at-15.24.10-2-ractol6twb5ko0rnqgu8lj5feys4ie65ofoib8wowo.jpeg","needs-review"
"https://dsdanceresearchlab.com/wp-content/uploads/elementor/thumbs/WhatsApp-Image-2025-08-10-at-15.24.10-1-ractoidbbt1pp6vr6xmcw1v1mt60vauyo1q1vf0vfc.jpeg","needs-review"
"https://dsdanceresearchlab.com/wp-content/uploads/elementor/thumbs/WhatsApp-Image-2025-08-10-at-15.24.10-3-e1755375767387-racwskom4qgdvk3otdh45rtf8ktek7qwqpq1n0v5lk.jpeg","needs-review"
"https://dsdanceresearchlab.com/wp-content/uploads/elementor/thumbs/WhatsApp-Image-2025-08-10-at-15.24.10-ractoqtv1bdalojgtja00hq6za0bsksjp7lf6wobvc.jpeg","needs-review"
"https://dsdanceresearchlab.com/wp-content/uploads/elementor/thumbs/w3-raljnd1arrssduuxh5jc6be3vkukovecbyxjuy68ew.png","needs-review"
"https://dsdanceresearchlab.com/wp-content/uploads/elementor/thumbs/w1-raljlm241vekrzeeowbc19a82rgzd5gbrb80perlzs.png","needs-review"
"https://dsdanceresearchlab.com/wp-content/uploads/elementor/thumbs/w2-raljmmptgesrcrx5qu5s8i178sgapchuwcnyf79994.png","needs-review"
"https://dsdanceresearchlab.com/wp-content/uploads/elementor/thumbs/w4-raljo3cs34stexsp7gww44r0id8uoeatrl75ap37ko.png","needs-review"
"https://dsdanceresearchlab.com/wp-content/uploads/elementor/thumbs/42397477_10155800224317546_4361828851488129024_n-e1756805935576-rb5q2b94nch9cf57ajnnmpqv8g55abuxf5of9xwc2g.jpg","needs-review"
"https://dsdanceresearchlab.com/wp-content/uploads/elementor/thumbs/42501463_10155800227767546_7370457058698592256_n-e1756805953482-rb5q2s682d4f5egmjqyxvlh5xdtr4vq3hhf5wx78yg.jpg","needs-review"
"https://dsdanceresearchlab.com/wp-content/uploads/elementor/thumbs/42572755_10155800225217546_7380587190037774336_n-e1756805975625-rb5q3cuo8pwq8tml6zwqeg9azuztu806wbruh0cl5k.jpg","needs-review"
"https://dsdanceresearchlab.com/wp-content/uploads/elementor/thumbs/42578493_10155800222917546_6037287897076334592_n-e1756805991445-rb5q3rw3a2hbel0qr6ericgoi0xp9dnwae7m5fqae0.jpg","needs-review"
"https://dsdanceresearchlab.com/wp-content/uploads/elementor/thumbs/42583638_10155800224597546_3390044392839446528_n-e1756806010397-rb5q49r0vx5rj6asuw4obpyfschobmmsoulu9ozt3s.jpg","needs-review"
"https://dsdanceresearchlab.com/wp-content/uploads/elementor/thumbs/42625141_10155800214117546_7343573754586333184_n-e1756806027783-rb5q4pqa43rn0jnl9l1c03x9vwawyhe8f1p3fec460.jpg","needs-review"
"https://dsdanceresearchlab.com/wp-content/uploads/elementor/thumbs/471512079_10160922961687546_3436986947797399768_n-e1756806046970-rb5q57l7pyg354xndar8thf167uw0qd4ti3bjnlmvs.jpg","needs-review"
"https://dsdanceresearchlab.com/wp-content/uploads/2021/02/outdoor-image-02-1.jpg","needs-review"
"https://dsdanceresearchlab.com/wp-content/uploads/2025/08/WhatsApp-Image-2025-08-14-at-12.58.15_f511cff2-e1757543667589-933x1024.jpg","needs-review"
"https://dsdanceresearchlab.com/wp-content/uploads/2025/08/WhatsApp-Image-2025-08-14-at-12.58.15_f511cff2-e1757543667589-273x300.jpg","needs-review"
"https://dsdanceresearchlab.com/wp-content/uploads/2025/08/WhatsApp-Image-2025-08-14-at-12.58.15_f511cff2-e1757543667589-768x843.jpg","needs-review"
"https://dsdanceresearchlab.com/wp-content/uploads/2025/08/WhatsApp-Image-2025-08-14-at-12.58.15_f511cff2-e1757543667589.jpg","needs-review"
"https://dsdanceresearchlab.com/wp-content/uploads/2025/08/A1.png","needs-review"
"https://dsdanceresearchlab.com/wp-content/uploads/2025/08/A1-300x300.png","needs-review"
"https://dsdanceresearchlab.com/wp-content/uploads/2025/08/A1-1024x1024.png","needs-review"
"https://dsdanceresearchlab.com/wp-content/uploads/2025/08/A1-150x150.png","needs-review"
"https://dsdanceresearchlab.com/wp-content/uploads/2025/08/A1-768x768.png","needs-review"
"https://dsdanceresearchlab.com/wp-content/uploads/2025/08/A5.png","needs-review"
"https://dsdanceresearchlab.com/wp-content/uploads/2025/08/A5-300x300.png","needs-review"
"https://dsdanceresearchlab.com/wp-content/uploads/2025/08/A5-1024x1024.png","needs-review"
"https://dsdanceresearchlab.com/wp-content/uploads/2025/08/A5-150x150.png","needs-review"
"https://dsdanceresearchlab.com/wp-content/uploads/2025/08/A5-768x768.png","needs-review"
"https://dsdanceresearchlab.com/wp-content/uploads/2025/08/A2.png","needs-review"
"https://dsdanceresearchlab.com/wp-content/uploads/2025/08/A2-300x300.png","needs-review"
"https://dsdanceresearchlab.com/wp-content/uploads/2025/08/A2-1024x1024.png","needs-review"
"https://dsdanceresearchlab.com/wp-content/uploads/2025/08/A2-150x150.png","needs-review"
"https://dsdanceresearchlab.com/wp-content/uploads/2025/08/A2-768x768.png","needs-review"
"https://dsdanceresearchlab.com/wp-content/uploads/2025/08/A3.png","needs-review"
"https://dsdanceresearchlab.com/wp-content/uploads/2025/08/A3-300x300.png","needs-review"
"https://dsdanceresearchlab.com/wp-content/uploads/2025/08/A3-1024x1024.png","needs-review"
"https://dsdanceresearchlab.com/wp-content/uploads/2025/08/A3-150x150.png","needs-review"
"https://dsdanceresearchlab.com/wp-content/uploads/2025/08/A3-768x768.png","needs-review"
"https://dsdanceresearchlab.com/wp-content/uploads/2025/08/A4.png","needs-review"
"https://dsdanceresearchlab.com/wp-content/uploads/2025/08/A4-300x300.png","needs-review"
"https://dsdanceresearchlab.com/wp-content/uploads/2025/08/A4-1024x1024.png","needs-review"
"https://dsdanceresearchlab.com/wp-content/uploads/2025/08/A4-150x150.png","needs-review"
"https://dsdanceresearchlab.com/wp-content/uploads/2025/08/A4-768x768.png","needs-review"
"https://dsdanceresearchlab.com/wp-content/uploads/2025/07/688a11ac6384655546b2c81a5b8b3a46.jpg","needs-review"
"https://dsdanceresearchlab.com/wp-content/uploads/2025/07/688a11ac6384655546b2c81a5b8b3a46-300x210.jpg","needs-review"
"https://dsdanceresearchlab.com/wp-content/uploads/2025/07/688a11ac6384655546b2c81a5b8b3a46-1024x715.jpg","needs-review"
"https://dsdanceresearchlab.com/wp-content/uploads/2025/07/688a11ac6384655546b2c81a5b8b3a46-768x536.jpg","needs-review"
"https://dsdanceresearchlab.com/wp-content/uploads/2025/07/IMG-20250720-WA0046-e1753869636107.jpg","needs-review"
"https://dsdanceresearchlab.com/wp-content/uploads/2025/07/IMG-20250720-WA0046-e1753869636107-300x260.jpg","needs-review"
"https://dsdanceresearchlab.com/wp-content/uploads/2025/07/IMG-20250720-WA0046-e1753869636107-768x665.jpg","needs-review"
"https://dsdanceresearchlab.com/wp-content/uploads/2025/08/1.jpg","needs-review"
"https://dsdanceresearchlab.com/wp-content/uploads/2025/08/2.jpg","needs-review"
"https://dsdanceresearchlab.com/wp-content/uploads/2025/08/3.jpg","needs-review"
"https://dsdanceresearchlab.com/wp-content/uploads/2025/08/4.jpg","needs-review"
"https://dsdanceresearchlab.com/wp-content/uploads/2025/08/5.jpg","needs-review"
"https://dsdanceresearchlab.com/wp-content/uploads/2025/08/6.jpg","needs-review"
"https://dsdanceresearchlab.com/wp-content/uploads/2025/08/9.jpg","needs-review"
"https://dsdanceresearchlab.com/wp-content/uploads/2018/11/quote-1-1.png","needs-review"
"https://dsdanceresearchlab.com/wp-content/uploads/2025/07/cropped-cropped-cropped-Logo.png","needs-review"
"https://dsdanceresearchlab.com/wp-content/uploads/2025/07/cropped-cropped-cropped-Logo-300x300.png","needs-review"
"https://dsdanceresearchlab.com/wp-content/uploads/2025/07/cropped-cropped-cropped-Logo-150x150.png","needs-review"
"https://dsdanceresearchlab.com/wp-content/uploads/2025/07/31099cf23990aaf40c6b479304870206.jpg","needs-review"
"https://dsdanceresearchlab.com/wp-content/uploads/2025/07/31099cf23990aaf40c6b479304870206-300x203.jpg","needs-review"
"https://dsdanceresearchlab.com/wp-content/uploads/2025/07/c46abc145df3b0d78b3b6d4b3d03f092.jpg","needs-review"
"https://dsdanceresearchlab.com/wp-content/uploads/2025/07/c46abc145df3b0d78b3b6d4b3d03f092-300x200.jpg","needs-review"
"https://dsdanceresearchlab.com/wp-content/uploads/2025/07/59de322c07fe834a0978a8a0a0717eb0.jpg","needs-review"
"https://dsdanceresearchlab.com/wp-content/uploads/2025/07/59de322c07fe834a0978a8a0a0717eb0-296x300.jpg","needs-review"
"https://dsdanceresearchlab.com/wp-content/uploads/2025/07/59de322c07fe834a0978a8a0a0717eb0-1011x1024.jpg","needs-review"
"https://dsdanceresearchlab.com/wp-content/uploads/2025/07/59de322c07fe834a0978a8a0a0717eb0-768x778.jpg","needs-review"
"https://dsdanceresearchlab.com/wp-content/uploads/2025/07/1273a11e5ccb2104e28c7d1326f60e4d.jpg","needs-review"
"https://dsdanceresearchlab.com/wp-content/uploads/2025/07/1273a11e5ccb2104e28c7d1326f60e4d-289x300.jpg","needs-review"
"https://dsdanceresearchlab.com/wp-content/uploads/2026/02/WhatsApp-Image-2026-02-02-at-15.14.05-768x1086.jpeg","needs-review"
"https://dsdanceresearchlab.com/wp-content/uploads/2026/02/WhatsApp-Image-2026-02-02-at-15.14.06-768x1086.jpeg","needs-review"
"https://dsdanceresearchlab.com/wp-content/uploads/2026/02/111-768x1086.jpeg","needs-review"
"https://dsdanceresearchlab.com/wp-content/uploads/2025/08/1-768x960.png","needs-review"
"https://dsdanceresearchlab.com/wp-content/uploads/2025/08/2-768x960.png","needs-review"
"https://dsdanceresearchlab.com/wp-content/uploads/2025/08/3-768x960.png","needs-review"
"https://dsdanceresearchlab.com/wp-content/uploads/2025/08/4-768x960.png","needs-review"
"https://dsdanceresearchlab.com/wp-content/uploads/2025/08/5-768x960.png","needs-review"